{"cameraMode":{"drawMode":0,"name":"Shaded","section":"Shading Mode"},"sceneLighting":true,"audioPlay":false,"sceneViewState":{"m_AlwaysRefresh":false,"showFog":true,"showSkybox":true,"showFlares":true,"showImageEffects":true,"showParticleSystems":true,"showVisualEffectGraphs":true,"m_FxEnabled":true},"in2DMode":false,"pivot":{"x":-0.3689403533935547,"y":-0.9767770767211914,"z":0.39161014556884768},"rotation":{"x":-0.088917076587677,"y":0.8933897614479065,"z":-0.2033560872077942,"w":-0.39063310623168948},"size":10.621793746948243,"orthographic":false}